{"Accels": [1.0102796162926106, 1.009316483207783, 0.9994415266848679], "AccelBias": [0.15232344702749442, 0.2137267854898683, 0.28615631427132604], "GyroBias": [-0.01562766773587048, -0.009932410842012424, -0.025092686674739552], "Mags": [1.0, 1.0, 1.0], "MagBias": [0.0, 0.0, 0.0]}